url,name,address,city,state,phone
http://wattayaccounting.com/,Results,"3488 S Dupont Blvd, Smyrna, DE 19977",Smyrna,DE,(302) 724-9237
http://www.phillipchutetaxconsulting.com/,Results,"20 Red Maple Rd, Smyrna, DE 19977",Smyrna,DE,(302) 653-6076
http://www.mtstaxprep.com/,Results,"448 Sequoia Dr, Smyrna, DE 19977",Smyrna,DE,(302) 389-6185
https://www.hrblock.com/tax-office-near-me/delaware/smyrna/17193/?otppartnerid=9308&campaignid=pw_mcm_9308_9762&utm_medium=local,Results,"102 E Glenwood Ave, Smyrna, DE 19977",Smyrna,DE,(302) 653-4779
https://pros.turbotax.intuit.com/local-tax-experts/integrityaccountingbusinessconsultingllc/scott-boddie/129068a998a679a45eaba3dbe94de580190?cid=ye&y_source=1_MTAyODcwMzEzMy03MTUtbG9jYXRpb24ud2Vic2l0ZQ==,Results,"231 Stadium St Suite 505, Smyrna, DE 19977",Smyrna,DE,(858) 868-4828
http://www.conwaymykol.com/,Results,"914 Alexandria Way, Smyrna, DE 19977",Smyrna,DE,(302) 241-9804
https://parkersaccountingservices.com/,Results,"581 Canal Dr, Middletown, DE 19709",Middletown,DE,(302) 323-0288
http://www.saggioaccounting.com/,Results,"665 S Carter Rd, Smyrna, DE 19977",Smyrna,DE,(302) 659-6560
https://www.fawcasson.com/,Results,"160 Greentree Dr #203, Dover, DE 19904",Dover,DE,(302) 674-4305
http://delawarecpa.net/,Results,"20 E Division St # B, Dover, DE 19901",Dover,DE,(302) 854-0133
http://www.scassoc.net/,Results,"651 N Broad St #103, Middletown, DE 19709",Middletown,DE,(302) 454-1100
http://www.mittenwinters.com/,Results,"117 W Loockerman St #119, Dover, DE 19904",Dover,DE,(302) 736-6100
http://www.prioritytaxdelaware.com/,Results,"301 Boggs Run, Dover, DE 19904",Dover,DE,(302) 465-4733
http://www.firststatecpas.com/,Results,"18 S State St, Dover, DE 19901",Dover,DE,(302) 736-6657
https://www.boyercpa.net/,Results,"2496 Dupont Pkwy, Middletown, DE 19709",Middletown,DE,(302) 464-1300
http://sjgarycpa.com/,Results,"809 Monroe Terrace, Dover, DE 19904",Dover,DE,(302) 730-3737
http://eagleefinancial.com/,Results,"768 Townsend Blvd Ste 2, Dover, DE 19901",Dover,DE,(302) 747-7596
https://www.middletownaccountinggroup.com/,Results,,Smyrna,DE,
https://rkdtax.com/,Results,"768 Townsend Blvd Suite 2, Dover, DE 19901",Dover,DE,(302) 747-7596
https://wearelucia.co/,Results,,Smyrna,DE,(415) 801-0038
http://www.taxchicks.com/,Results,"1059 S Bradford St, Dover, DE 19904",Dover,DE,(302) 674-1585
https://www.mapletaxconsulting.com/?utm_source=GMBlisting&utm_medium=organic,Results,"364 E Main St Ste 1001, Middletown, DE 19709",Middletown,DE,(929) 481-4456
http://www.millsborochamber.com/,Results,"218 N Dupont Hwy, Dover, DE 19966",Dover,DE,(302) 934-6688
https://www.bluewatersproservices.com/,Results,,Smyrna,DE,(301) 997-5415
http://www.taxwithus.net/,Results,"Ashley Plaza, 417 E Main St, Middletown, DE 19709",Middletown,DE,(302) 696-2477
https://www.velan-bookkeeping.com/,Results,"8 The Green Suite 300, Dover, DE 19901",Dover,DE,(727) 756-1632
http://www.cmcgrouptaxes.com/,Results,"92 Gerald Dr Ste a, Newark, DE 19713",Newark,DE,(866) 504-8090
http://www.cpadelaware.net/,Results,"1000 N West St Ste 1200 building, Wilmington, DE 19801",Wilmington,DE,(732) 829-6395
http://www.mwilsonaccounting.com/,Results,"580 S Bay Rd, Dover, DE 19901",Dover,DE,(302) 735-1537
https://www.valleystaxes.com/,Results,"625 S Dupont Hwy Suite 102, Dover, DE 19901",Dover,DE,(302) 744-8118
https://www.mydelawarelawyer.com/smyrna/,Results,"754 S Dupont Blvd, Smyrna, DE 19977",Smyrna,DE,(302) 775-0728
https://andykovirtualcpa.com/,Results,"39 Forsythia Ln, Bear, DE 19701",Bear,DE,(215) 303-6791
http://www.svvcpa.com/,Results,"1814 Newport Gap Pike, Wilmington, DE 19808",Wilmington,DE,(302) 999-7300
http://www.manacpaservices.com/,Results,"505 Coriander Ct, Bear, DE 19701",Bear,DE,(302) 310-3719
http://www.snydercpa.com/,Results,"Silverside Professional Park, 1405 Silverside Rd #3c, Wilmington, DE 19810",Wilmington,DE,(302) 475-1600
http://cpacornerstone.com/,Results,"273 E Main St, Newark, DE 19711",Newark,DE,(302) 377-7165
http://www.independence-cpa.com/,Results,"724 Yorklyn Rd #230, Hockessin, DE 19707",Hockessin,DE,(302) 635-7109
http://www.sdwaccounting.com/,Results,"117 S Bedford St, Georgetown, DE 19947",Georgetown,DE,(302) 856-4141
https://office.jacksonhewitt.com/tax-preparation-services-locations/en/de/smyrna/86-e-glenwood-ave/12458?utm_source=google&utm_medium=local&utm_campaign=local&utm_content=12458,Results,"86 E Glenwood Ave, Smyrna, DE 19977",Smyrna,DE,(302) 653-2182
