url,name,address,city,state,phone
https://savantwealth.com/location/middletown-de/?utm_source=extnet&utm_medium=yext,Results,"272 Carter Dr #110, Middletown, DE 19709",Middletown,DE,(302) 378-4644
https://parkersaccountingservices.com/,Results,"581 Canal Dr, Middletown, DE 19709",Middletown,DE,(302) 323-0288
http://www.scassoc.net/,Results,"651 N Broad St #103, Middletown, DE 19709",Middletown,DE,(302) 454-1100
https://andykovirtualcpa.com/,Results,"39 Forsythia Ln, Bear, DE 19701",Bear,DE,(215) 303-6791
http://wattayaccounting.com/,Results,"3488 S Dupont Blvd, Smyrna, DE 19977",Smyrna,DE,(302) 724-9237
http://cpacornerstone.com/,Results,"273 E Main St, Newark, DE 19711",Newark,DE,(302) 377-7165
https://www.boyercpa.net/,Results,"2496 Dupont Pkwy, Middletown, DE 19709",Middletown,DE,(302) 464-1300
http://wwd-cpa.com/,Results,"4550 New Linden Hill Rd #201, Wilmington, DE 19808",Wilmington,DE,(302) 254-8240
http://delawarecpa.net/,Results,"20 E Division St # B, Dover, DE 19901",Dover,DE,(302) 854-0133
http://www.delawareregisteredagent.com/?utm_source=google&utm_medium=organic&utm_campaign=gbp&utm_content=web_button,Results,"8 The Green Suite A, Dover, DE 19901",Dover,DE,(302) 288-0670
http://www.mittenwinters.com/,Results,"117 W Loockerman St #119, Dover, DE 19904",Dover,DE,(302) 736-6100
http://www.firststatecpas.com/,Results,"18 S State St, Dover, DE 19901",Dover,DE,(302) 736-6657
http://www.sdwaccounting.com/,Results,"117 S Bedford St, Georgetown, DE 19947",Georgetown,DE,(302) 856-4141
https://ocpafirm.com/,Results,,Townsend,DE,(443) 504-4586
http://www.pha.cpa/,Results,"28466 Dupont Blvd, Millsboro, DE 19966",Millsboro,DE,(302) 934-6688
https://www.fawcasson.com/,Results,"160 Greentree Dr #203, Dover, DE 19904",Dover,DE,(302) 674-4305
http://www.snydercpa.com/,Results,"Silverside Professional Park, 1405 Silverside Rd #3c, Wilmington, DE 19810",Wilmington,DE,(302) 475-1600
http://www.srenardcpa.com/,Results,"124 Tobin Dr, Milton, DE 19968",Milton,DE,(302) 381-8928
http://www.ljtcpa.com/,Results,"268 Milford Harrington Hwy, Milford, DE 19963",Milford,DE,(302) 422-3308
https://www.belfint.com/,Results,"1011 Centre Rd #310, Wilmington, DE 19805",Wilmington,DE,(302) 225-0600
https://delawarecpa.net/,Results,"216 E Market St suite 101, Georgetown, DE 19947",Georgetown,DE,
http://www.juds.com/,Results,"651 N Bedford St, Georgetown, DE 19947",Georgetown,DE,(302) 856-3900
http://sjgarycpa.com/,Results,"809 Monroe Terrace, Dover, DE 19904",Dover,DE,(302) 730-3737
https://dpr.delaware.gov/boards/accountancy/newpermit/,Results,"2394 Dupont Pkwy, Middletown, DE 19709",Middletown,DE,(302) 454-1100
http://www.taxwithus.net/,Results,"Ashley Plaza, 417 E Main St, Middletown, DE 19709",Middletown,DE,(302) 696-2477
https://www.actaxgroup.com/,Results,,Townsend,DE,(844) 378-1040
